{"stats":{"minecraft:custom":{"minecraft:jump":26,"minecraft:time_since_rest":5563,"minecraft:damage_dealt":30,"minecraft:crouch_one_cm":580,"minecraft:sprint_one_cm":1854,"minecraft:play_time":5563,"minecraft:walk_on_water_one_cm":341,"minecraft:time_since_death":5563,"minecraft:walk_one_cm":2954,"minecraft:sneak_time":516,"minecraft:total_world_time":5563,"minecraft:walk_under_water_one_cm":9626,"minecraft:drop":1,"minecraft:fall_one_cm":627,"minecraft:fly_one_cm":40514},"minecraft:used":{"minecraft:grass_block":21},"minecraft:dropped":{"minecraft:gravel":1}},"DataVersion":3700}