{"stats":{"minecraft:picked_up":{"minecraft:dirt":5},"minecraft:mined":{"minecraft:short_grass":4,"minecraft:grass_block":3,"minecraft:lilac":1,"minecraft:dirt":2},"minecraft:custom":{"minecraft:jump":35,"minecraft:time_since_rest":3403,"minecraft:leave_game":1,"minecraft:sprint_one_cm":10324,"minecraft:play_time":3403,"minecraft:time_since_death":3403,"minecraft:walk_one_cm":1108,"minecraft:total_world_time":3403,"minecraft:fall_one_cm":1045,"minecraft:fly_one_cm":10028},"minecraft:used":{"minecraft:dirt":5}},"DataVersion":3700}