{"stats":{"minecraft:custom":{"minecraft:time_since_rest":10625,"minecraft:crouch_one_cm":2768,"minecraft:sprint_one_cm":16165,"minecraft:play_time":10625,"minecraft:walk_one_cm":4190,"minecraft:sneak_time":948,"minecraft:walk_under_water_one_cm":7336,"minecraft:jump":97,"minecraft:damage_dealt":238,"minecraft:leave_game":2,"minecraft:walk_on_water_one_cm":64,"minecraft:time_since_death":10625,"minecraft:total_world_time":10625,"minecraft:fall_one_cm":1732,"minecraft:fly_one_cm":61355,"minecraft:player_kills":1},"minecraft:mined":{"minecraft:short_grass":4,"minecraft:grass_block":3,"minecraft:dirt":2,"minecraft:lilac":1},"minecraft:used":{"minecraft:netherite_sword":2,"minecraft:dirt":5,"minecraft:grass_block":83},"minecraft:killed":{"minecraft:player":1},"minecraft:picked_up":{"minecraft:dirt":5}},"DataVersion":3700}