{
  "minecraft:recipes/decorations/crafting_table": {
    "criteria": {
      "unlock_right_away": "2024-09-30 21:57:58 +0000"
    },
    "done": true
  },
  "minecraft:adventure/root": {
    "criteria": {
      "killed_by_something": "2024-09-30 21:58:35 +0000"
    },
    "done": true
  },
  "minecraft:adventure/adventuring_time": {
    "criteria": {
      "minecraft:old_growth_birch_forest": "2024-09-30 21:58:23 +0000",
      "minecraft:dark_forest": "2024-09-30 21:57:59 +0000",
      "minecraft:stony_shore": "2024-09-30 21:58:02 +0000"
    },
    "done": false
  },
  "DataVersion": 3700
}